question,body,A,B,C,D,E,year,question_number,test,answer,language,gpt-3.5-turbo_answer,gpt-3.5-turbo_probs
QUESTÃO 136,"A esperança de vida ao nascer é o número médio de anos que um indivíduo tende a viver a partir de seu nascimento, considerando dados da população. No Brasil, esse número vem aumentando consideravelmente, como mostra o gráfico. Descrição da imagem: Gráfico intitulado Esperança de vida ao nascer , em que o eixo horizontal refere-se aos anos de 2008 a 2013 e eixo vertical refere-se às idades de 72 a 75 anos, é formado por segmentos de reta ascendentes. O gráfico inicia-se no ponto (2008; 72,78), ascende até (2009; 73,09), ascende até (2010; 73,4), ascende até (2011; 73,67), ascende até (2012; 73,95) e ascende até o ponto final (2013; 74,23). Pode-se observar que a esperança de vida ao nascer em 2012 foi exatamente a média das registradas nos anos de 2011 e 2013. Suponha que esse fato também ocorreu com a esperança de vida ao nascer em 2013, em relação às esperanças de vida de 2012 e de 2014. Caso a suposição feita tenha sido confirmada, a esperança de vida ao nascer no Brasil no ano de 2014 terá sido, em ano, igual a","74,23.","74,51.","75,07.","75,23.","78,49.",2022,136,MT,B,portuguese,A,"{'A': 0.5490799452173878, 'B': 0.2550027554055005, 'C': 0.11437476290271541, 'D': 0.05774436971934959, 'E': 0.0001}"
QUESTÃO 137,"Um minuto-luz é uma unidade de medida de distância que corresponde à distância percorrida pela luz durante 1 minuto. Uma outra unidade de medida é o parsec, descrita a seguir. Considere que a órbita da Terra seja circular e que o tempo que a luz do Sol demora para chegar à Terra seja de 8 minutos. Suponha que a Terra (T), o Sol (S) e uma estrela (E) formem um triângulo retângulo como na figura seguinte. Se o ângulo T, E, S medir 1 segundo (isto é, 1 grau dividido por 3 600) dizemos que a distância da estrela E ao sol S é de 1 parsec. Descrição da imagem: Figura representa um triângulo retângulo de vértices T, E e S, com ângulo reto em S. O cateto ST é o menor. Há uma circunferência tracejada, representando uma órbita, centrada em S, com raio ST e com T pertencente à circunferência. Use 5 vezes, abre parêntese, 10 elevado a menos 6, fecha parêntese, como valor aproximado para tangente de, abre parêntese, 1 grau dividido por 3 600, fecha parêntese. Quantos minutos-luz tem 10 parsec aproximadamente?","4 vezes, abre parêntese, 10 elevado a menos 5, fecha parêntese","4 vezes, abre parêntese, 10 elevado a menos 4, fecha parêntese","8 vezes, abre parêntese , 10 elevado a 5, fecha parêntese","1,6 vezes, abre parêntese, 10 elevado a 6, fecha parêntese","1,6 vezes, abre parêntese, 10 elevado a 7, fecha parêntese",2022,137,MT,E,portuguese,A,"{'A': 0.8694759043397644, 'D': 0.03189683636375168, 'B': 0.024871717917458652, 'C': 0.0014050437362751534, 'E': 0.0001}"
QUESTÃO 138,"Ao escutar a notícia de que um filme recém-lançado arrecadou, no primeiro mês de lançamento, 1,35 bilhão de reais em bilheteria, um estudante escreveu corretamente o número que representa essa quantia, com todos os seus algarismos. O número escrito pelo estudante foi","135 000,00.","1 350 000,00.","13 500 000,00.","135 000 000,00.","1 350 000 000,00.",2022,138,MT,E,portuguese,E,"{'E': 0.8537804460010928, 'A': 0.10066264441275798, 'D': 0.019013490846255372, 'C': 0.0001, 'B': 0.0001}"
QUESTÃO 139,"O governo de um estado pretende realizar uma obra de infraestrutura para auxiliar na integração e no processo de escoamento da produção agrícola de duas cidades. O projeto consiste na interligação direta das cidades A e B com a Rodovia 003, pela construção das Rodovias 001 e 002. As duas rodovias serão construídas em linha reta e deverão se conectar à Rodovia 003 em um mesmo ponto, conforme esboço apresentado na figura, na qual estão também indicadas as posições das cidades A e B, considerando o eixo x posicionado sobre a Rodovia 003, e cinco localizações sugeridas para o ponto de conexão entre as três rodovias. Descrição da imagem: Gráfico apresenta um sistema de eixos cartesianos em que ambos os eixos têm o quilômetro como unidade de medida. O eixo x se situa sobre a Rodovia 003. A cidade A está situada no ponto de coordenadas (20; 40), e a cidade B está situada no ponto de coordenadas (50; 20). Há cinco pontos marcados sobre o eixo x , que indicam cinco sugestões para o ponto de conexão entre as três rodovias. Os trajetos sugeridos para a Rodovia 001 estão representados por segmentos de reta tracejados, e para a Rodovia 002 estão representados por segmentos de reta cheios. Coordenadas dos pontos de conexão: Ponto 1: (20; 0); Ponto 2: (30; 0); Ponto 3: (35; 0); Ponto 4: (40; 0); Ponto 5: (50; 0).  Pretende-se que a distância percorrida entre as duas cidades, pelas Rodovias 001 e 002, passando pelo ponto de conexão, seja a menor possível. Dadas as exigências do projeto, qual das localizações sugeridas deve ser a escolhida para o ponto de conexão?",1,2,3,4,5,2022,139,MT,D,portuguese,A,"{'A': 0.6414856016356162, 'D': 0.23789423614669952, 'C': 0.018935848829835605, 'E': 0.014993606680806628, 'B': 0.0001}"
QUESTÃO 140,"Uma pessoa precisa contratar um operário para fazer um serviço em sua casa. Para isso, ela postou um anúncio em uma rede social. Cinco pessoas responderam informando preços por hora trabalhada, gasto diário com transporte e tempo necessário para conclusão do serviço, conforme valores apresentados no quadro. Descrição da imagem: Quadro que apresenta informações do Operário em relação ao preço por hora em real, preço do transporte em real e tempo até conclusão em hora, mostra os seguintes dados: Operário 1: Preço por hora, 120 reais; preço do transporte, zero real; tempo até conclusão, 8 horas; Operário 2: Preço por hora, 180 reais; preço do transporte, zero real; tempo até conclusão, 6 horas; Operário 3: Preço por hora, 170 reais; preço do transporte, 20 reais; tempo até conclusão, 6 horas; Operário 4: Preço por hora, 110 reais; preço do transporte, 10 reais; tempo até conclusão, 9 horas; Operário 5: Preço por hora, 110 reais; preço do transporte, zero real; tempo até conclusão, 10 horas.  Se a pessoa pretende gastar o mínimo possível com essa contratação, irá contratar o operário",1.,2.,3.,4.,5.,2022,140,MT,A,portuguese,A,"{'A': 0.6592434465310235, 'D': 0.15387059922016863, 'C': 0.03542187561071995, 'B': 0.031961651207828935, 'E': 0.0001}"
QUESTÃO 141,"Uma cozinheira produz docinhos especiais por encomenda. Usando uma receita-base de massa, ela prepara uma porção, com a qual produz 50 docinhos maciços de formato esférico, com 2 centímetros de diâmetro. Um cliente encomenda 150 desses docinhos, mas pede que cada um tenha formato esférico com 4 centímetros de diâmetro. A cozinheira pretende preparar o número exato de porções da receita-base de massa necessário para produzir os docinhos dessa encomenda. Quantas porções da receita-base de massa ela deve preparar para atender esse cliente?",2,3,6,12,24,2022,141,MT,E,portuguese,A,"{'A': 0.5671704195948036, 'C': 0.2036176198076465, 'B': 0.0001, 'D': 0.0001, 'E': 0.0001}"
QUESTÃO 142,"Nos cinco jogos finais da última temporada, com uma média de 18 pontos por jogo, um jogador foi eleito o melhor do campeonato de basquete. Na atual temporada, cinco jogadores têm a chance de igualar ou melhorar essa média. No quadro estão registradas as pontuações desses cinco jogadores nos quatro primeiros jogos das finais deste ano. Descrição da imagem: Quadro que relaciona jogadores à quantidade de pontos marcados por jogo, mostra os seguintes dados: jogador 1: 12 no jogo 1; 25 no jogo 2; 20 no jogo 3; 20 no jogo 4; jogador 2: 12 no jogo 1; 12 no jogo 2; 27 no jogo 3; 20 no jogo 4; jogador 3: 14 no jogo 1; 14 no jogo 2; 17 no jogo 3; 26 no jogo 4; jogador 4: 15 no jogo 1; 18 no jogo 2; 21 no jogo 3; 21 no jogo 4; jogador 5: 22 no jogo 1; 15 no jogo 2; 23 no jogo 3; 15 no jogo 4.   O quinto e último jogo será realizado para decidir a equipe campeã e qual o melhor jogador da temporada. O jogador que precisa fazer a menor quantidade de pontos no quinto jogo, para igualar a média de pontos do melhor jogador da temporada passada, é o",1,2,3,4,5,2022,142,MT,A,portuguese,A,"{'A': 0.5095912060920509, 'D': 0.16463515068781456, 'C': 0.12215664757337891, 'B': 0.1128500016198769, 'E': 0.0001}"
QUESTÃO 143,"Um casal planeja construir em sua chácara uma piscina com o formato de um paralelepípedo reto retângulo com capacidade para 90 000 litros de água. O casal contratou uma empresa de construções que apresentou cinco projetos com diferentes combinações nas dimensões internas de profundidade, largura e comprimento. A piscina a ser construída terá revestimento interno em suas paredes e fundo com uma mesma cerâmica, e o casal irá escolher o projeto que exija a menor área de revestimento. As dimensões internas de profundidade, largura e comprimento, respectivamente, para cada um dos projetos, são: • projeto 1: 1,8 metro , 2,0 metros e 25,0 metros ; • projeto 2: 2,0 metros , 5,0 metros e 9,0 metros ; • projeto 3: 1,0 metro , 6,0 metros e 15,0 metros ; • projeto 4: 1,5 metro , 15,0 metros e 4,0 metros ; • projeto 5: 2,5 metros , 3,0 metros e 12,0 metros . O projeto que o casal deverá escolher será o",1,2,3,4,5,2022,143,MT,B,portuguese,A,"{'A': 0.45044000984407645, 'D': 0.22764534298936373, 'C': 0.09791466212670062, 'B': 0.08539942815400589, 'E': 0.0001}"
QUESTÃO 144,"Uma instituição de ensino superior ofereceu vagas em um processo seletivo de acesso a seus cursos. Finalizadas as inscrições, foi divulgada a relação do número de candidatos por vaga em cada um dos cursos oferecidos. Esses dados são apresentados no quadro. Descrição da imagem: Quadro que relaciona curso com número de vagas oferecidas e número de candidatos por vaga, mostra os seguintes dados: Administração: 30 vagas oferecidas e 6 candidatos por vaga; Ciências Contábeis: 40 vagas oferecidas e 6 candidatos por vaga; Engenharia Elétrica: 50 vagas oferecidas e 7 candidatos por vaga; História: 30 vagas oferecidas e 8 candidatos por vaga; Letras: 25 vagas oferecidas e 4 candidatos por vaga; Pedagogia: 25 vagas oferecidas e 5 candidatos por vaga.   Qual foi o número total de candidatos inscritos nesse processo seletivo?",200,400,1 200,1 235,7 200,2022,144,MT,D,portuguese,A,"{'A': 0.8458901698368954, 'C': 0.0016710394004344651, 'B': 0.0001, 'D': 0.0001, 'E': 0.0001}"
QUESTÃO 145,"Peças metálicas de aeronaves abandonadas em aeroportos serão recicladas. Uma dessas peças é maciça e tem o formato cilíndrico, com a medida do raio da base igual a 4 centímetros e a da altura igual a 50 centímetros. Ela será derretida, e o volume de metal resultante será utilizado para a fabricação de esferas maciças com diâmetro de 1 centímetro, a serem usadas para confeccionar rolamentos. Para estimar a quantidade de esferas que poderão ser produzidas a partir de cada uma das peças cilíndricas, admite-se que não ocorre perda de material durante o processo de derretimento. Quantas dessas esferas poderão ser obtidas a partir de cada peça cilíndrica?",800,1 200,2 400,4 800,6 400,2022,145,MT,D,portuguese,A,"{'A': 0.5231674891011246, 'C': 0.0001, 'B': 0.0001, 'D': 0.0001, 'E': 0.0001}"
QUESTÃO 146,"Uma pessoa precisa se deslocar de automóvel do ponto P para o ponto Q , indicados na figura, na qual as linhas verticais e horizontais simbolizam ruas. Descrição da imagem: Figura de uma malha quadriculada com 7 linhas horizontais e 7 verticais, sobre a qual está traçado um trajeto poligonal, por meio de uma linha contínua sobre as linhas de grade da malha, unindo o ponto inicial P , localizado na segunda linha vertical, da esquerda para a direita, e entre a sexta e a sétima linhas horizontais, de cima para baixo, ao ponto final Q , que está localizado entre a sexta e a sétima linhas verticais, da esquerda para a direita, e sobre a segunda linha horizontal, de cima para baixo. O caminho poligonal está traçado segundo deslocamentos nos sentidos norte, sul e leste a partir do ponto P . A sequência de deslocamentos é: De P até o primeiro cruzamento no sentido norte; Desse ponto segue até o segundo cruzamento no sentido leste; Em seguida, toma o sentido norte até o segundo cruzamento; Posteriormente, toma o sentido leste até o próximo cruzamento; Depois, segue no sentido sul até o cruzamento seguinte; Segue para leste até o próximo cruzamento; Desse ponto, toma o sentido norte até o terceiro cruzamento; Por fim, toma o sentido leste até alcançar o ponto Q . Por causa do sentido de tráfego nessas ruas, o caminho poligonal destacado é a possibilidade mais curta de efetuar esse deslocamento. Para descrevê-lo, deve-se especificar qual o sentido a ser tomado em cada cruzamento de ruas, em relação à direção de deslocamento do automóvel, que se movimentará continuamente. Para isso, empregam-se as letras E, F e D para indicar “vire à esquerda”, “siga em frente” e “vire à direita”, respectivamente. A sequência de letras que descreve o caminho poligonal destacado é",DDEFDDEEFFD.,DFEFDDDEFFD.,DFEFDDEEFFD.,EFDFEEDDFFE.,EFDFEEEDFFE.,2022,146,MT,C,portuguese,A,"{'A': 0.7508003407344022, 'C': 0.15849872649301996, 'B': 0.04297876078955102, 'D': 0.03474357832533837, 'E': 0.012978593657688463}"
QUESTÃO 147,"Uma loja comercializa cinco modelos de caixas-d’água ( 1, 2, 3, 4 e 5), todos em formato de cilindro reto de base circular. Os modelos 2, 3, 4 e 5 têm as especificações de suas dimensões dadas em relação às dimensões do modelo 1, cuja profundidade é P e área da base é A b, como segue: • modelo 2: o dobro da profundidade e a metade da área da base do modelo 1; • modelo 3: o dobro da profundidade e a metade do raio da base do modelo 1; • modelo 4: a metade da profundidade e o dobro da área da base do modelo 1; • modelo 5: a metade da profundidade e o dobro do raio da base do modelo 1. Uma pessoa pretende comprar nessa loja o modelo de caixa-d’água que ofereça a maior capacidade volumétrica. O modelo escolhido deve ser o",1.,2.,3.,4.,5.,2022,147,MT,E,portuguese,A,"{'A': 0.8454118387203415, 'B': 0.03694336638308137, 'C': 0.027117625440241776, 'D': 0.025797167568278687, 'E': 0.0001}"
QUESTÃO 148,"No período de 2005 a 2013, o valor de venda dos imóveis em uma cidade apresentou alta, o que resultou no aumento dos aluguéis. Os gráficos apresentam a evolução desses valores, para um mesmo imóvel, no mercado imobiliário dessa cidade. Descrição da imagem: Dois gráficos de coluna. O primeiro gráfico, que apresenta os anos no eixo horizontal e o valor mensal do aluguel em real no eixo vertical, mostra os seguintes dados: 2005: 630; 2007: 960; 2009: 1 350; 2011: 1 800; 2013: 3 240. O segundo gráfico, que apresenta os anos no eixo horizontal e o valor de mercado do imóvel, em milhar de reais no eixo vertical, mostra os seguintes dados: 2005: 90; 2007: 120; 2009: 270; 2011: 450; 2013: 540. Valor mensal do aluguel (R$) Valor de mercado do imóvel (milhar de R$) A rentabilidade do aluguel de um imóvel é calculada pela razão entre o valor mensal de aluguel e o valor de mercado desse imóvel. Com base nos dados fornecidos, em que ano a rentabilidade do aluguel foi maior?",2005,2007,2009,2011,2013,2022,148,MT,B,portuguese,A,"{'A': 0.6083387442147854, 'C': 0.0972023824441771, 'D': 0.08197213085781657, 'B': 0.022448653213719746, 'E': 0.0001}"
QUESTÃO 149,"Em uma universidade, atuam professores que estão enquadrados funcionalmente pela sua maior titulação: mestre ou doutor. Nela há, atualmente, 60 mestres e 40 doutores. Os salários mensais dos professores mestres e dos doutores são, respectivamente, 8 000 reais e 12 000 reais . A diretoria da instituição pretende proporcionar um aumento salarial diferenciado para o ano seguinte, de tal forma que o salário médio mensal dos professores dessa instituição não ultrapasse 12 240 reais. A universidade já estabeleceu que o aumento salarial será de 25 por cento para os mestres e precisa ainda definir o percentual de reajuste para os doutores. Mantido o número atual de professores com suas atuais titulações, o aumento salarial, em porcentagem, a ser concedido aos doutores deverá ser de, no máximo,","14,4.","20,7.","22,0.","30,0.","37,5.",2022,149,MT,D,portuguese,V,"{'A': 0.13708613465025715, 'C': 0.0001, 'B': 0.0001, 'D': 0.0001, 'E': 0.0001}"
QUESTÃO 150,"Um borrifador de atuação automática libera, a cada acionamento, uma mesma quantidade de inseticida. O recipiente desse produto, quando cheio, contém 360 mililitros de inseticida, que duram 60 dias se o borrifador permanecer ligado ininterruptamente e for acionado a cada 48 minutos. A quantidade de inseticida que é liberada a cada acionamento do borrifador, em mililitro, é","0,125.","0,200.","4,800.","6,000.","12,000.",2022,150,MT,B,portuguese,Para,"{'A': 0.3742810814471122, 'C': 0.0001, 'B': 0.0001, 'D': 0.0001, 'E': 0.0001}"
QUESTÃO 151,"Definem-se o dia e o ano de um planeta de um sistema solar como sendo, respectivamente, o tempo que o planeta leva para dar 1 volta completa em torno de seu próprio eixo de rotação e o tempo para dar 1 volta completa em torno de seu Sol. Suponha que exista um planeta Z, em algum sistema solar, onde um dia corresponda a 73 dias terrestres e que 2 de seus anos correspondam a 1 ano terrestre. Considere que 1 ano terrestre tem 365 de seus dias. No planeta Z, seu ano corresponderia a quantos de seus dias?","2,5","10,0","730,0","13 322,5","53 290,0",2022,151,MT,A,portuguese,A,"{'A': 0.5714151222726567, 'C': 0.0001, 'B': 0.0001, 'D': 0.0001, 'E': 0.0001}"
QUESTÃO 152,"Quarenta mudas de flores devem ser plantadas no contorno de um canteiro circular de 2,2 metros de diâmetro, com um espaçamento padrão de 12 centímetros entre mudas. Fazendo-se os cálculos, chegou-se à conclusão de que não havia mudas suficientes e optou-se, então, por alterar o espaçamento padrão. Use 3 como aproximação para pi. Em quantos centímetros deve ser aumentado o espaçamento padrão entre as mudas?","4,50","6,15","9,07","21,00","24,30",2022,152,MT,A,portuguese,Para,"{'A': 0.28293508815258844, 'C': 0.0001, 'B': 0.0001, 'D': 0.0001, 'E': 0.0001}"
QUESTÃO 153,"Em uma loja, o preço promocional de uma geladeira é de 1 000 reais para pagamento somente em dinheiro. Seu preço normal, fora da promoção, é 10 por cento maior. Para pagamento feito com o cartão de crédito da loja, é dado um desconto de 2 por cento sobre o preço normal. Uma cliente decidiu comprar essa geladeira, optando pelo pagamento com o cartão de crédito da loja. Ela calculou que o valor a ser pago seria o preço promocional acrescido de 8 por cento. Ao ser informada pela loja do valor a pagar, segundo sua opção, percebeu uma diferença entre seu cálculo e o valor que lhe foi apresentado. O valor apresentado pela loja, comparado ao valor calculado pela cliente, foi",2 reais menor.,100 reais menor.,200 reais menor.,42 reais maior.,80 reais maior.,2022,153,MT,A,portuguese,A,"{'A': 0.5918560645526642, 'C': 0.0001, 'B': 0.0001, 'D': 0.0001, 'E': 0.0001}"
QUESTÃO 154,"As empresas de capital aberto listadas na Bolsa de Valores de São Paulo (Bovespa) que melhor remuneram seus acionistas na distribuição dos lucros costumam pagar 25 por cento de seus lucros líquidos trimestrais como dividendos aos acionistas. Uma empresa de capital social listada na Bolsa de Valores de São Paulo (Bovespa) divulgou resumidamente no quadro abaixo o seguinte resultado: Descrição da imagem: Quadro apresenta os seguintes dados: Receitas líquidas: 422 milhões de reais; Lucro bruto: 76 milhões de reais; Lucro líquido: 28 milhões de reais; Lucro líquido por ação: 0,28 real.  Quanto receberá de dividendos um acionista que tem 1 400 ações desta empresa?",98 reais,392 reais,20 mil reais,7 mihões de reais,9 bilhões e 800 milhões de reais,2022,154,MT,A,portuguese,A,"{'A': 0.5053501139857377, 'C': 0.004772367361950257, 'D': 0.004578603706548273, 'B': 0.0001, 'E': 0.0001}"
QUESTÃO 155,"Uma empresa de engenharia projetou uma casa com a forma de um retângulo para um de seus clientes. Esse cliente solicitou a inclusão de uma varanda em forma de L. A figura apresenta a planta baixa desenhada pela empresa, já com a varanda incluída, cujas medidas, indicadas em centímetro, representam os valores das dimensões da varanda na escala de 1 para 50. Descrição da imagem: Figura representa uma planta baixa de uma casa na escala de 1 para 50. Essa planta tem o formato de um retângulo, disposto com a maior dimensão na horizontal e a menor, na vertical. Na parte externa do retângulo que representa a casa, há uma região hexagonal em formato de L, representando a varanda, na qual quaisquer dois de seus lados adjacentes são perpendiculares, com quatro de seus lados medindo, consecutivamente, 4 centímetros, 18,4 centímetros, 16 centímetros e 5 centímetros. Os dois lados cujas medidas não estão fornecidas estão justapostos ao contorno da planta, na sua lateral esquerda e em parte do seu lado superior. O lado de medida 18,4 centímetros é paralelo à lateral esquerda da planta, enquanto o lado de medida 16 centímetros é paralelo ao lado superior da planta. O lado de 5 centímetros é perpendicular ao lado de 16 centímetros, e o lado de 4 centímetros é perpendicular ao lado de 18,4 centímetros. A medida real da área da varanda, em metro quadrado, é","33,40.","66,80.","89,24.","133,60.","534,40.",2022,155,MT,A,portuguese,A,"{'A': 0.7667826257472278, 'B': 0.07647491302882004, 'D': 0.0362902079989637, 'C': 0.025446908261966463, 'E': 0.0001}"
QUESTÃO 156,"Uma loja de roupas fixou uma meta de vendas de 77 000 reais para um determinado mês de 30 dias. O gráfico mostra o volume de vendas dessa loja, em real, nos dez primeiros dias do mês e entre o dia dez e o dia vinte desse mês, nos seus dois únicos setores (infantil e adulto). Suponha que a variação no volume de vendas, para o período registrado, tenha se dado de forma linear, como mostrado no gráfico, e que essa tendência se mantenha a mesma para os próximos dez dias. Descrição da imagem: Gráfico em que o eixo horizontal de referência corresponde a dias, de 10 a 30, em intervalos de 10 em 10, apresentando dois segmentos de reta descendentes, um referente ao volume de vendas do setor adulto, com extremidades nos pontos (10, 18 000) e (20, 15 000), e o outro ao do setor infantil, com extremidades nos pontos (10, 8 000) e (20, 7 000). Ao final do trigésimo dia, quanto faltará no volume de vendas, em real, para que a meta fixada para o mês seja alcançada?",5 000,7 000,11 000,18 000,29 000,2022,156,MT,C,portuguese,A,"{'A': 0.698206184808958, 'D': 0.10427392730443628, 'C': 0.03964424739149816, 'B': 0.025606213908996922, 'E': 0.0001}"
QUESTÃO 157,"O funcionário de uma loja tem seu salário mensal formado por uma parcela fixa de 675 reais mais uma comissão que depende da quantidade de peças vendidas por ele no mês. O cálculo do valor dessa comissão é feito de acordo com estes critérios: • até a quinquagésima peça vendida, paga-se 5 reais por peça; • a partir da quinquagésima primeira peça vendida, o valor pago é de 7 reais por peça. Represente por q a quantidade de peças vendidas no mês por esse funcionário, e por S de q o seu salário mensal, em real, nesse mês. A expressão algébrica que descreve S de q em função de q é","S de q é igual a 675 mais, abre parêntese, 12 vezes q, fecha parêntese","S de q é igual a 325 mais, abre parêntese, 12 vezes q, fecha parêntese","S de q é igual a 675 mais, abre parêntese, 7 vezes q, fecha parêntese","S de q é igual a 625 mais, abre parêntese, 5 vezes q, fecha parêntese , se q é menor ou igual a 50, ou é igual a 925 mais, abre parêntese, 7 vezes q, fecha parêntese , se q é maior que 50","S de q é igual a 625 mais, abre parêntese, 5 vezes q , fecha parêntese, se q é menor ou igual a 50, ou é igual a 575 mais, abre parêntese, 7 vezes q , fecha parêntese , se q é maior que 50",2022,157,MT,anulada,portuguese,A,"{'A': 0.5270934082025998, 'E': 0.2525541492001206, 'D': 0.17771404646795902, 'C': 0.03092486268473758, 'B': 0.011713533444583047}"
QUESTÃO 158,"Ao analisar os dados de uma epidemia em uma cidade, peritos obtiveram um modelo que avalia a quantidade de pessoas infectadas a cada mês, ao longo de um ano. O modelo é dado por p de t é igual a menos t ao quadrado mais 10 vezes t mais 24, sendo t um número natural, variando de 1 a 12, que representa os meses do ano, e p de t a quantidade de pessoas infectadas no mês t do ano. Para tentar diminuir o número de infectados no próximo ano, a Secretaria Municipal de Saúde decidiu intensificar a propaganda oficial sobre os cuidados com a epidemia. Foram apresentadas cinco propostas (1, 2, 3, 4 e 5), com diferentes períodos de intensificação das propagandas: • 1: 1 menor ou igual a t menor ou igual a 2; • 2: 3 menor ou igual a t menor ou igual a 4; • 3: 5 menor ou igual a t menor ou igual a 6; • 4: 7 menor ou igual a t menor ou igual a 9; • 5: 10 menor ou igual a t menor ou igual a 12. A sugestão dos peritos é que seja escolhida a proposta cujo período de intensificação da propaganda englobe o mês em que, segundo o modelo, há a maior quantidade de infectados. A sugestão foi aceita. A proposta escolhida foi a",1.,2.,3.,4.,5.,2022,158,MT,C,portuguese,A,"{'A': 0.883035278735319, 'D': 0.06682974882329212, 'E': 0.029913946897801608, 'B': 0.009600106796751062, 'C': 0.0001}"
QUESTÃO 159,"Um atleta iniciou seu treinamento visando as competições de fim de ano. Seu treinamento consiste em cinco tipos diferentes de treinos: treino T1, treino T2, treino T3, treino T4 e treino T5. A sequência dos treinamentos deve seguir esta ordem: Dia Treino Primeiro T1 Segundo R Terceiro R Quarto T2 Quinto R Sexto R Sétimo T3 Oitavo R Nono T4 Décimo R Décimo primeiro R Décimo segundo T5 Décimo terceiro R A letra R significa repouso. Após completar a sequência de treinamentos, o atleta começa novamente a sequência a partir do treino T1 e segue a ordem descrita. Após 24 semanas completas de treinamento, se dará o início das competições. A sequência de treinamentos que o atleta realizará na vigésima quarta semana de treinos é",T3 R T4 R R T5 R.,R T3 R T4 R R T5.,R T4 R R T5 R T1.,R R T5 R T1 R R.,R T5 R T1 R R T2.,2022,159,MT,B,portuguese,A,"{'A': 0.4618574717359345, 'C': 0.18806153831828132, 'B': 0.17319093228565713, 'D': 0.12932541705560524, 'E': 0.04756464060452182}"
QUESTÃO 160,"No ano de 2015 o Brasil enfrentou uma grave crise hídrica. O diretor da empresa de abastecimento de água e saneamento do estado de São Paulo afirmou, no dia 27 de janeiro de 2015, que não estava descartado um possível racionamento em toda a capital. Segundo o diretor, para ampliar a economia de água praticada durante esse período, em uma semana seria necessário escolher dois dias não consecutivos para fornecimento de água e nos demais cinco dias seria interrompido o fornecimento. De quantas maneiras diferentes podem ser escolhidos os dias para fornecimento e para interrupção de água nessa semana?",6,12,15,21,42,2022,160,MT,C,portuguese,A,"{'A': 0.8467862506612805, 'D': 0.056949602627991196, 'C': 0.01752253754930491, 'B': 0.0001, 'E': 0.0001}"
QUESTÃO 161,"Uma empresa produz e vende um tipo de chocolate, maciço, em formato de cone circular reto com as medidas do diâmetro da base e da altura iguais a 8 centímetros e 10 centímetros, respectivamente. Devido a um aumento de preço dos ingredientes utilizados na produção desse chocolate, a empresa decide produzir esse mesmo tipo de chocolate com um volume 19 por cento menor, no mesmo formato de cone circular reto com altura de 10 centímetros. Para isso, a empresa produzirá esses novos chocolates com medida do raio da base, em centímetro, igual a","1,52.","3,24.","3,60.","6,48.","7,20.",2022,161,MT,C,portuguese,A,"{'A': 0.602729530930209, 'D': 0.007189050589272772, 'C': 0.0001, 'B': 0.0001, 'E': 0.0001}"
QUESTÃO 162,"Em janeiro de 2013, foram declaradas 1 794 272 admissões e 1 765 372 desligamentos no Brasil, ou seja, foram criadas 28 900 vagas de emprego, segundo dados do Cadastro Geral de Empregados e Desempregados (Caged), divulgados pelo Ministério do Trabalho e Emprego (MTE). Segundo o Caged, o número de vagas criadas em janeiro de 2013 sofreu uma queda de 75 por cento, quando comparado com o mesmo período de 2012. De acordo com as informações dadas, o número de vagas criadas em janeiro de 2012 foi",16 514.,86 700.,115 600.,441 343.,448 568.,2022,162,MT,C,portuguese,A,"{'A': 0.524969812409623, 'D': 0.2975176231666826, 'C': 0.0001, 'B': 0.0001, 'E': 0.0001}"
QUESTÃO 163,"Um prédio, com 9 andares e 8 apartamentos de 2 quartos por andar, está com todos os seus apartamentos à venda. Os apartamentos são identificados por números formados por dois algarismos, sendo que a dezena indica o andar onde se encontra o apartamento, e a unidade, um algarismo de 1 a 8, que diferencia os apartamentos de um mesmo andar. Quanto à incidência de sol nos quartos desses apartamentos, constatam-se as seguintes características, em função de seus números de identificação: • naqueles que finalizam em 1 ou 2, ambos os quartos recebem sol apenas na parte da manhã; • naqueles que finalizam em 3, 4, 5 ou 6, apenas um dos quartos recebe sol na parte da manhã; • naqueles que finalizam em 7 ou 8, ambos os quartos recebem sol apenas na parte da tarde. Uma pessoa pretende comprar 2 desses apartamentos em um mesmo andar, mas quer que, em ambos, pelo menos um dos quartos receba sol na parte da manhã. De quantas maneiras diferentes essa pessoa poderá escolher 2 desses apartamentos para compra nas condições desejadas?","9 vezes 6 fatorial dividido por, abre parêntese, 6 menos 2, fecha parêntese, fatorial.","9 vezes 6 fatorial dividido por, abre parêntese, abre parêntese, 6 menos 2, fecha parêntese, fatorial vezes 2 fatorial, fecha parêntese.","9 vezes 4 fatorial dividido por, abre parêntese, abre parêntese, 4 menos 2, fecha parêntese, fatorial vezes 2 fatorial, fecha parêntese.","9 vezes 2 fatorial dividido por, abre parêntese, abre parêntese, 2 menos 2, fecha parêntese, fatorial vezes 2 fatorial, fecha parêntese.","9 vezes abre parêntese, abre parêntese, 8 fatorial dividido por, abre parêntese, abre parêntese, 8 menos 2, fecha parêntese, fatorial vezes 2 fatorial, fecha parêntese, fecha parêntese, menos 1, fecha parêntese.",2022,163,MT,B,portuguese,A,"{'A': 0.9053210170993784, 'C': 0.05406121879546899, 'D': 0.007868618333463969, 'B': 0.004574088691770852, 'E': 0.0001}"
QUESTÃO 164,"Um médico faz o acompanhamento clínico de um grupo de pessoas que realizam atividades físicas diariamente. Ele observou que a perda média de massa dessas pessoas para cada hora de atividade física era de 1,5 quilograma . Sabendo que a massa de 1 litro de água é de 1 quilograma , ele recomendou que ingerissem, ao longo das 3 horas seguintes ao final da atividade, uma quantidade total de água correspondente a 40 por cento a mais do que a massa perdida na atividade física, para evitar desidratação. Seguindo a recomendação médica, uma dessas pessoas ingeriu, certo dia, um total de 1,7 litro de água após terminar seus exercícios físicos. Para que a recomendação médica tenha efetivamente sido respeitada, a atividade física dessa pessoa, nesse dia, durou",30 minutos ou menos.,mais de 35 e menos de 45 minutos.,mais de 45 e menos de 55 minutos.,mais de 60 e menos de 70 minutos.,70 minutos ou mais.,2022,164,MT,C,portuguese,A,"{'A': 0.5845606169556122, 'C': 0.0001, 'B': 0.0001, 'D': 0.0001, 'E': 0.0001}"
QUESTÃO 165,"Em uma sala de cinema, para garantir que os espectadores vejam toda a imagem projetada na tela, a disposição das poltronas deve obedecer à norma técnica da Associação Brasileira de Normas Técnicas (ABNT), que faz as seguintes indicações: • Distância mínima ( D mínimo ) entre a tela de projeção e o encosto da poltrona da primeira fileira deve ser de, pelo menos, 60 por cento da largura ( L ) da tela. • Distância máxima ( D máximo ) entre a tela de projeção e o encosto da poltrona da última fileira deve ser o dobro da largura ( L ) da tela, sendo aceitável uma distância de até 2,9 vezes a largura ( L ) da tela. Para o espaçamento entre as fileiras de poltronas, é considerada a distância de 1 metro entre os encostos de poltronas em duas fileiras consecutivas. Uma sala de cinema, cuja largura da tela mede 12 metros, está montada em conformidade com as normas da ABNT e tem suas dimensões especificadas na figura. Descrição da imagem: Figura distribuída em dois esquemas em que, o esquema à esquerda apresenta um trapézio isósceles. A figura à esquerda apresenta um trapézio isósceles cuja base menor mede L e cuja altura mede Daceitável igual a 2,9 vezes L . Esse trapézio é seccionado por dois segmentos de reta paralelos às bases, o primeiro a uma distância da tela de D mínimo igual a 0,6 vezes L , representando o alinhamento dos encostos das poltronas já instaladas da primeira fileira, e o segundo, a uma distância da tela D máximo igual a 2 vezes L , indicando o alinhamento dos encostos das poltronas da última fileira já instalada. Há uma região destacada, compreendida entre o segundo segmento e a base maior do trapézio, denominada Área de instalação de novas poltronas . A figura à direita apresenta parte de 3 fileiras de poltronas, indicando a distância de 1 metro entre os encostos das poltronas de fileiras consecutivas. máx mín Laceitável 1 m 1 m Pretende-se ampliar essa sala, mantendo-se na mesma posição a tela e todas as poltronas já instaladas, ampliando-se ao máximo a sala para os fundos (área de instalação de novas poltronas), respeitando-se o limite aceitável da norma da ABNT. A intenção é aumentar, ao máximo, a quantidade de poltronas da sala, instalando-se novas unidades, iguais às já instaladas. Quantas fileiras de poltronas a sala comportará após essa ampliação?",26,27,28,29,35,2022,165,MT,C,portuguese,A,"{'A': 0.5690163469309926, 'D': 0.18877460041143684, 'C': 0.14038842047513475, 'B': 0.07395310772422191, 'E': 0.0001}"
QUESTÃO 166,"A luminosidade L de uma estrela está relacionada com o raio R e com a temperatura T dessa estrela segundo a Lei de Stefan-Boltzmann: L é igual a c vezes R ao quadrado vezes T elevado a 4, em que c é uma constante igual para todas as estrelas. Considere duas estrelas E e F , sendo que a estrela E tem metade do raio da estrela F e o dobro da temperatura de F . Indique por LE e LF suas respectivas luminosidades. A relação entre as luminosidades dessas duas estrelas é dada por",LE é igual a LF dividido por 2,LE é igual a LF dividido por 4,LE é igual a LF,LE é igual a 4 vezes LF,LE é igual a 8 vezes LF,2022,166,MT,D,portuguese,A,"{'A': 0.5603127406049274, 'C': 0.13833074121903668, 'D': 0.13364325761130252, 'B': 0.09976424905240608, 'E': 0.0001}"
QUESTÃO 167,"Uma das informações que pode auxiliar no dimensionamento do número de pediatras que devem atender em uma Unidade Básica de Saúde (UBS) é o número que representa a mediana da quantidade de crianças por família existente na região sob sua responsabilidade. O quadro mostra a distribuição das frequências do número de crianças por família na região de responsabilidade de uma UBS. Descrição da imagem: Quadro que relaciona número de crianças por família à frequência, mostra os seguintes dados: nenhuma criança: 100; 1 criança: 400; 2 crianças: 200; 3 crianças: 150; 4 crianças: 100; 5 crianças: 50.   O número que representa a mediana da quantidade de criança s por família nessa região é","1,0.","1,5.","1,9.","2,1.","2,5.",2022,167,MT,B,portuguese,Para,"{'A': 0.23363020327164224, 'B': 0.008992733275991698, 'C': 0.0001, 'D': 0.0001, 'E': 0.0001}"
QUESTÃO 168,"Em jogos de voleibol, um saque é invalidado se a bola atingir o teto do ginásio onde ocorre o jogo. Um jogador de uma equipe tem um saque que atinge uma grande altura. Seu recorde foi quando a batida do saque se iniciou a uma altura de 1,5 metro do piso da quadra, e a trajetória da bola foi descrita pela parábola y é igual a menos, abre parêntese, x ao quadrado dividido por 6, fecha parêntese, menos, abre parêntese, 7 vezes x dividido por 3, fecha parêntese, mais 12, em que y representa a altura da bola em relação ao eixo x (das abscissas) que está localizado a 1,5 metro do piso da quadra, como representado na figura. Suponha que em todas as partidas algum saque desse jogador atinja a mesma altura do seu recorde. Descrição da imagem: Figura representa uma quadra de voleibol no formato de um retângulo, com a figura de um jogador que irá realizar um saque cuja trajetória da bola descreverá uma parábola a partir do instante em que é atingida pelo jogador até cair na quadra da equipe adversária. A parábola está referenciada em um sistema de eixos cartesianos, cujo eixo x está localizado a 1,5 metro acima do piso da quadra e é paralelo às suas laterais, e o eixo y está situado no mesmo plano da rede. A equipe desse jogador participou de um torneio de voleibol no qual jogou cinco partidas, cada uma delas em um ginásio diferente. As alturas dos tetos desses ginásios, em relação aos pisos das quadras, são: • ginásio 1: 17 metros ; • ginásio 2: 18 metros ; • ginásio 3: 19 metros ; • ginásio 4: 21 metros ; • ginásio 5: 40 metros . O saque desse atleta foi invalidado",apenas no ginásio 1.,apenas nos ginásios 1 e 2.,"apenas nos ginásios 1, 2 e 3.","apenas nos ginásios 1, 2, 3 e 4.",em todos os ginásios.,2022,168,MT,D,portuguese,A,"{'A': 0.8679598481816726, 'C': 0.0001, 'B': 0.0001, 'D': 0.0001, 'E': 0.0001}"
QUESTÃO 169,"O pacote básico de um jogo para smartphone, que é vendido a 50 reais, contém 2 000 gemas e 100 000 moedas de ouro, que são itens utilizáveis nesse jogo. A empresa que comercializa esse jogo decidiu criar um pacote especial que será vendido a 100 reais e que se diferenciará do pacote básico por apresentar maiores quantidades de gemas e moedas de ouro. Para estimular as vendas desse novo pacote, a empresa decidiu inserir nele 6 000 gemas a mais, em relação ao que o cliente teria caso optasse por comprar, com a mesma quantia, dois pacotes básicos. A quantidade de moedas de ouro que a empresa deverá inserir ao pacote especial, para que seja mantida a mesma proporção existente entre as quantidades de gemas e de moedas de ouro contidas no pacote básico, é",50 000.,100 000.,200 000.,300 000.,400 000.,2022,169,MT,E,portuguese,A,"{'A': 0.8182587030472952, 'D': 0.0690620164111583, 'C': 0.018747012183325487, 'B': 0.0001, 'E': 0.0001}"
QUESTÃO 170,"Um parque tem dois circuitos de tamanhos diferentes para corridas. Um corredor treina nesse parque e, no primeiro dia, inicia seu treino percorrendo 3 voltas em torno do circuito maior e 2 voltas em torno do menor, perfazendo um total de 1 800 metros. Em seguida, dando continuidade a seu treino, corre mais 2 voltas em torno do circuito maior e 1 volta em torno do menor, percorrendo mais 1 100 metros. No segundo dia, ele pretende percorrer 5 000 metros nos circuitos do parque, fazendo um número inteiro de voltas em torno deles e de modo que o número de voltas seja o maior possível. A soma do número de voltas em torno dos dois circuitos, no segundo dia, será",10.,13.,14.,15.,16.,2022,170,MT,E,portuguese,V,"{'A': 0.21927085462953882, 'C': 0.0001, 'B': 0.0001, 'D': 0.0001, 'E': 0.0001}"
QUESTÃO 171,"Uma equipe de marketing digital foi contratada para aumentar as vendas de um produto ofertado em um site de comércio eletrônico. Para isso, elaborou um anúncio que, quando o cliente clica sobre ele, é direcionado para a página de vendas do produto. Esse anúncio foi divulgado em duas redes sociais, A e B, e foram obtidos os seguintes resultados: • rede social A: o anúncio foi visualizado por 3 000 pessoas; 10 por cento delas clicaram sobre o anúncio e foram redirecionadas para o site; 3 por cento das que clicaram sobre o anúncio compraram o produto. O investimento feito para a publicação do anúncio nessa rede foi de 100 reais ; • rede social B: o anúncio foi visualizado por 1 000 pessoas; 30 por cento delas clicaram sobre o anúncio e foram redirecionadas para o site; 2 por cento das que clicaram sobre o anúncio compraram o produto. O investimento feito para a publicação do anúncio nessa rede foi de 200 reais . Por experiência, o pessoal da equipe de marketing considera que a quantidade de novas pessoas que verão o anúncio é diretamente proporcional ao investimento realizado, e que a quantidade de pessoas que comprarão o produto também se manterá proporcional à quantidade de pessoas que clicarão sobre o anúncio. O responsável pelo produto decidiu, então, investir mais 300 reais em cada uma das duas redes sociais para a divulgação desse anúncio e obteve, de fato, o aumento proporcional esperado na quantidade de clientes que compraram esse produto. Para classificar o aumento obtido na quantidade ( Q ) de compradores desse produto, em consequência dessa segunda divulgação, em relação aos resultados observados na primeira divulgação, o responsável pelo produto adotou o seguinte critério: • Q menor ou igual a 60 por cento : não satisfatório; • 60 por cento menor que Q menor ou igual a 100 por cento : regular; • 100 por cento menor que Q menor ou igual a 150 por cento : bom; • 150 por cento menor que Q menor ou igual a 190 por cento : muito bom; • 190 por cento menor que Q menor ou igual a 200 por cento : excelente. O aumento na quantidade de compradores, em consequência dessa segunda divulgação, em relação ao que foi registrado com a primeira divulgação, foi classificado como",não satisfatório.,regular.,bom.,muito bom.,excelente.,2022,171,MT,C,portuguese,D,"{'D': 0.37684393656866005, 'C': 0.19542239427506714, 'B': 0.16477385209026618, 'E': 0.1453655552272413, 'A': 0.11759426183876528}"
QUESTÃO 172,"Uma montadora de automóveis divulgou que oferta a seus clientes mais de 1 000 configurações diferentes de carro, variando o modelo, a motorização, os opcionais e a cor do veículo. Atualmente, ela oferece 7 modelos de carros com 2 tipos de motores: 1.0 e 1.6. Já em relação aos opcionais, existem 3 escolhas possíveis: central multimídia, rodas de liga leve e bancos de couro, podendo o cliente optar por incluir um, dois, três ou nenhum dos opcionais disponíveis. Para ser fiel à divulgação feita, a quantidade mínima de cores que a montadora deverá disponibilizar a seus clientes é",8.,9.,11.,18.,24.,2022,172,MT,B,portuguese,A,"{'A': 0.6224341271151048, 'C': 0.05487859066822254, 'D': 0.012962585932436793, 'B': 0.0001, 'E': 0.0001}"
QUESTÃO 173,"Um casal deseja recarregar seu cartão bancário pré-pago, para realizar uma viagem ao exterior. Eles recarregarão esse cartão com 3 000 dólares, em uma única transação. A unidade monetária do país onde reside o casal é o zed e a taxa cambial é de 2,20 zeds por dólar. É cobrado um imposto de 3 por cento sobre o valor pago, em zed , pela recarga, além de uma quantia fixa de 40 zeds pela transação bancária. Qual o valor mínimo, em zed , que esse casal deve possuir para recarregar o cartão?","6 640,00","6 690,00","6 730,00","6 838,00","6 886,00",2022,173,MT,D,portuguese,A,"{'A': 0.7572411929078445, 'D': 0.027270887451674115, 'C': 0.02517602718291717, 'B': 0.0001, 'E': 0.0001}"
QUESTÃO 174,"Cada número que identifica uma agência bancária tem quatro dígitos: N1, N2, N3, N4 mais um dígito verificador N 5, sendo todos esses dígitos números naturais pertencentes ao conjunto formado por 0, 1, 2, 3, 4, 5, 6, 7, 8 e 9. Para a determinação de N 5 , primeiramente multiplica-se ordenadamente os quatro primeiros dígitos do número da agência por 5, 4, 3 e 2, respectivamente, somam-se os resultados e obtém-se S é igual a 5 vezes N1 mais 4 vezes N2 mais 3 vezes N3 mais 2 vezes N4. Posteriormente, encontra-se o resto da divisão de S por 11, denotando por R esse resto. Dessa forma, N5 é a diferença 11 menos R. Considere o número de uma agência bancária cujos quatro primeiros dígitos são 0100. Qual é o dígito verificador N 5 dessa agência bancária?",0,6,7,8,9,2022,174,MT,C,portuguese,Para,"{'A': 0.2671362634569886, 'C': 0.0001, 'B': 0.0001, 'D': 0.0001, 'E': 0.0001}"
QUESTÃO 175,"Um casal está reformando a cozinha de casa e decidiu comprar um refrigerador novo. Observando a planta da nova cozinha, desenhada na escala de 1 para 50, notaram que o espaço destinado ao refrigerador tinha 3,8 centímetros de altura e 1,6 centímetro de largura. Eles sabem que os fabricantes de refrigeradores indicam que, para um bom funcionamento e fácil manejo na limpeza, esses eletrodomésticos devem ser colocados em espaços que permitam uma distância de, pelo menos, 10 centímetros de outros móveis ou paredes, tanto na parte superior quanto nas laterais. O casal comprou um refrigerador que caberia no local a ele destinado na nova cozinha, seguindo as instruções do fabricante. Esse refrigerador tem altura e largura máximas, em metro, respectivamente, iguais a","1,80 e 0,60.","1,80 e 0,70.","1,90 e 0,80.","2,00 e 0,90.","2,00 e 1,00.",2022,175,MT,A,portuguese,A,"{'A': 0.604997195612214, 'C': 0.0001, 'B': 0.0001, 'D': 0.0001, 'E': 0.0001}"
QUESTÃO 176,"Foram convidadas 32 equipes para um torneio de futebol, que foram divididas em 8 grupos com 4 equipes, sendo que, dentro de um grupo, cada equipe disputa uma única partida contra cada uma das demais equipes de seu grupo. A primeira e a segunda colocadas de cada grupo seguem para realizar as 8 partidas da próxima fase do torneio, chamada oitavas de final. Os vencedores das partidas das oitavas de final seguem para jogar as 4 partidas das quartas de final. Os vencedores das quartas de final disputam as 2 partidas das semifinais, e os vencedores avançam para a grande final, que define a campeã do torneio. Pelas regras do torneio, cada equipe deve ter um período de descanso de, no mínimo, 3 dias entre dois jogos por ela disputados, ou seja, se um time disputar uma partida, por exemplo, num domingo, só poderá disputar a partida seguinte a partir da quinta-feira da mesma semana. O número mínimo de dias necessários para a realização desse torneio é",22.,25.,28.,48.,64.,2022,176,MT,B,portuguese,A,"{'A': 0.48911061171978976, 'C': 0.2739666828978696, 'B': 0.08839549472818069, 'D': 0.0001, 'E': 0.0001}"
QUESTÃO 177,"Em um jogo de bingo, as cartelas contêm 16 quadrículas dispostas em linhas e colunas. Cada quadrícula tem impresso um número, dentre os inteiros de 1 a 50, sem repetição de número. Na primeira rodada, um número é sorteado, aleatoriamente, dentre os 50 possíveis. Em todas as rodadas, o número sorteado é descartado e não participa dos sorteios das rodadas seguintes. Caso o jogador tenha em sua cartela o número sorteado, ele o assinala na cartela. Ganha o jogador que primeiro conseguir preencher quatro quadrículas que formam uma linha, uma coluna ou uma diagonal, conforme os tipos de situações ilustradas na Figura 1. Descrição da imagem: Figura 1 apresenta 3 cartelas em formato de quadrado, cada uma delas dividida por uma malha quadriculada, composta por 16 quadrículas, que são quadrados menores iguais, dispostos em 4 linhas horizontais e 4 colunas verticais. A cartela à esquerda tem a sua primeira linha com as 4 quadrículas preenchidas por bolinhas pretas e é um exemplo de preenchimento em linha; a cartela ao centro tem a sua última coluna com as 4 quadrículas preenchidas com bolinhas pretas e é um exemplo de preenchimento em coluna; e a cartela à direita tem a sua diagonal, que inicia no canto superior esquerdo, com as 4 quadrículas preenchidas com bolinhas pretas e é um exemplo de preenchimento em diagonal. O jogo inicia e, nas quatro primeiras rodadas, foram sorteados os seguintes números: 03, 27, 07 e 48. Ao final da quarta rodada, somente Pedro possuía uma cartela que continha esses quatro números sorteados, sendo que todos os demais jogadores conseguiram assinalar, no máximo, um desses números em suas cartelas. Observe na Figura 2 o cartão de Pedro após as quatro primeiras rodadas. Descrição da imagem: Figura 2 apresenta uma cartela em formato de quadrado, dividida por uma malha quadriculada, composta por 16 quadrículas, que são quadrados menores iguais, dispostos em 4 linhas horizontais e 4 colunas verticais. Os números impressos nessas 16 quadrículas, iniciando pelo canto superior esquerdo e finalizando no canto inferior direito da cartela, apresentados por linhas e seguindo a ordem crescente das colunas, são: Primeira linha: 03, 48, 12 e 27; Segunda linha: 49, 11, 22 e 05; Terceira linha: 29, 50, 19 e 45; Quarta linha: 33, 23, 38 e 07. Na cartela estão assinalados, rodeados por círculos, os números 03, 48, 27 e 07. A probabilidade de Pedro ganhar o jogo em uma das duas próximas rodadas é",Fração de numerador 1 e denominador 46 mais fração de numerador 1 e denominador 45.,"Fração de numerador 1 e denominador 46 mais fração de numerador 2 e denominador, abre parêntese, 46 vezes 45, fecha parêntese.","Fração de numerador 1 e denominador 46 mais fração de numerador 8 e denominador, abre parêntese, 46 vezes 45, fecha parêntese.","Fração de numerador 1 e denominador 46 mais fração de numerador 43 e denominador, abre parêntese, 46 vezes 45, fecha parêntese.","Fração de numerador 1 e denominador 46 mais fração de numerador 49 e denominador, abre parêntese, 46 vezes 45, fecha parêntese.",2022,177,MT,E,portuguese,A,"{'A': 0.6561762139773751, 'D': 0.18019652696070035, 'E': 0.08133721588204866, 'C': 0.04810043745363137, 'B': 0.03418960572624449}"
QUESTÃO 178,"Uma máquina em operação tem sua temperatura T monitorada por meio de um registro gráfico, ao longo do tempo t . Essa máquina possui um pistão cuja velocidade V varia com a temperatura T da máquina, de acordo com a expressão V é igual a T ao quadrado menos 4. Após a máquina funcionar durante o intervalo de tempo de 10 horas, o seu operador analisa o registro gráfico, apresentado na figura, para avaliar a necessidade de eventuais ajustes, sabendo que a máquina apresenta falhas de funcionamento quando a velocidade do pistão se anula. Descrição da imagem: Figura representa um sistema de coordenadas cartesianas, com eixo horizontal t , em hora, e eixo vertical T , em grau Celsius. No eixo horizontal, estão indicadas as abscissas 0 e 10. No eixo vertical, estão indicadas as ordenadas  − 2, 0, 2 e 4. O traçado do gráfico é uma curva contínua, iniciando num ponto de abscissa 0 e ordenada maior que 2 e menor que 4. Cresce até um ponto de ordenada 4, decresce até um ponto de ordenada − 2, cresce até um ponto de ordenada 0, decresce até um ponto com ordenada − 2, cresce até um ponto com ordenada 0, decresce até um ponto de ordenada − 2, cresce até um ponto de ordenada maior que 2 e menor que 4, e decresce até o ponto de abscissa 10 e ordenada maior que 2 e menor que 4, finalizando nesse ponto. (ºC) 2 Quantas vezes a velocidade do pistão se anulou durante as 10 horas de funcionamento?",1,2,3,4,5,2022,178,MT,E,portuguese,A,"{'A': 0.7954747341810905, 'C': 0.07384911508786968, 'B': 0.03538773978320623, 'D': 0.03377552832951323, 'E': 0.0001}"
QUESTÃO 179,"World Series é a decisão do campeonato  norte-americano de beisebol. Os dois times que chegam a essa fase jogam, entre si, até sete partidas. O primeiro desses times que completar quatro vitórias é declarado campeão. Considere que, em todas as partidas, a probabilidade de qualquer um dos dois times vencer é sempre fração com numerador 1 e denominador 2 . Qual é a probabilidade de o time campeão ser aquele que venceu a primeira partida da World Series ?",trinta e cinco sessenta e quatro avos,quarenta sessenta e quatro avos,quarenta e dois sessenta e quatro avos,quarenta e quatro sessenta e quatro avos,cinquenta e dois sessenta e quatro avos,2022,179,MT,C,portuguese,A,"{'A': 0.9411370187605373, 'C': 0.013766225691896457, 'B': 0.0001, 'D': 0.0001, 'E': 0.0001}"
QUESTÃO 180,"O gráfico apresenta os totais de receitas e despesas de uma empresa, expressos em milhão de reais, no decorrer dos meses de um determinado ano. A empresa obtém lucro quando a diferença entre receita e despesa é positiva e tem prejuízo quando essa diferença é negativa. Descrição da imagem: Gráfico de colunas duplas, em que o eixo horizontal corresponde aos meses do ano e o eixo vertical corresponde aos totais de receitas e despesas, em milhão de reais, mostra os seguintes dados: Janeiro: receita, 6; despesa, 3; Fevereiro: receita, 4; despesa, 5; Março: receita, 3; despesa, 2; Abril: receita, 5; despesa, 6; Maio: receita, 6; despesa, 1; Junho: receita, 5; despesa, 2; Julho: receita, 6; despesa, 4; Agosto: receita, 2; despesa, 4; Setembro: receita, 7; despesa, 3; Outubro: receita, 2; despesa, 4; Novembro: receita, 8; despesa, 7; Dezembro: receita, 6; despesa, 2. Qual é a mediana, em milhão de reais, dos valores dos lucros apurados pela empresa nesse ano?","1,5","2,0","2,9","3,0","5,5",2022,180,MT,D,portuguese,Para,"{'A': 0.3844264113656361, 'C': 0.0001, 'B': 0.0001, 'D': 0.0001, 'E': 0.0001}"
